experiment,seed,train_loss_human,pearson_human_mean
all,123,0.7649397253990173,0.18614912033081055
komlos,123,0.7623305916786194,0.15310491621494293
komlos_rank1,123,0.7700400948524475,0.19627617299556732
komlos_rope,123,0.7626771926879883,0.1761450469493866
rank1,123,0.7591007351875305,0.2181563526391983
rope,123,0.757625162601471,0.19450542330741882
rope_rank1,123,0.7618986964225769,0.18697762489318848
vanilla,123,0.7589101791381836,0.20214292407035828
